card_ID;price_from;30_avg_price;7_avg_price;1_avg_price;available_items;date_ID
1;0.15;0.69;0.73;0.88;938;5
2;0.02;0.19;0.23;0.27;2289;5
3;0.02;0.19;0.22;0.05;2287;5
4;0.10;0.40;0.43;0.30;1369;5
5;1.00;2.10;2.08;2.67;320;5
6;0.02;0.29;0.28;0.33;1022;5
7;0.15;0.70;0.66;0.78;418;5
8;0.01;0.10;0.17;0.10;6878;5
9;0.01;0.10;0.06;0.05;4230;5
10;0.10;0.36;0.44;0.69;1185;5
11;24.00;29.02;29.67;30.48;127;5
12;5.99;6.96;7.75;7.50;227;5
13;0.05;0.78;0.82;0.61;428;5
14;0.19;0.46;0.41;0.44;752;5
15;3.50;4.57;4.49;5.80;258;5
16;0.35;0.86;0.70;1.99;1934;5
17;1.00;2.13;2.18;1.99;358;5
18;4.99;6.71;6.65;6.88;234;5
19;0.10;0.45;0.43;0.58;935;5
20;6.29;9.88;10.08;9.79;287;5
21;0.65;1.13;1.28;1.52;234;5
22;0.99;1.93;1.83;1.44;337;5
23;0.15;0.67;0.73;1.07;572;5
24;16.94;21.06;20.12;20.99;149;5
25;12.99;18.55;18.91;21.25;138;5
26;1.40;2.46;2.45;2.01;441;5
27;1.98;2.81;2.85;2.30;227;5
28;0.02;0.12;0.11;0.25;3642;5
29;1.00;2.07;2.13;1.40;365;5
30;1.60;2.35;2.28;2.09;387;5
31;9.00;14.21;13.06;11.49;221;5
32;7.00;11.94;12.38;13.00;211;5
33;2.99;4.54;4.33;4.48;223;5
34;1.95;3.28;3.45;3.00;394;5
35;2.00;4.95;5.26;6.48;306;5
36;3.49;4.44;4.49;4.00;361;5
37;0.01;0.16;0.08;0.10;3643;5
38;0.60;1.82;1.92;1.40;308;5
39;0.15;0.77;0.68;0.50;500;5
40;0.10;0.64;0.69;0.49;613;5
41;0.10;0.34;0.32;0.18;1507;5
42;4.50;5.76;5.57;4.50;348;5
43;0.08;0.41;0.44;0.89;1322;5
44;0.01;0.09;0.09;0.03;3885;5
45;8.00;11.68;11.51;10.00;352;5
46;0.10;0.29;0.38;0.25;1062;5
47;0.10;0.45;0.42;0.74;1140;5
48;0.02;0.34;0.34;0.15;1729;5
49;0.08;0.32;0.27;0.39;1218;5
50;0.15;0.84;1.04;2.05;354;5
51;15.00;22.54;22.73;22.00;164;5
52;0.02;0.19;0.18;0.20;3046;5
53;4.45;8.66;9.01;9.16;185;5
54;0.01;0.08;0.09;0.20;4894;5
55;0.02;0.17;0.17;0.10;2868;5
56;0.99;1.63;1.54;2.00;509;5
57;0.02;0.12;0.18;0.25;2170;5
58;0.02;0.19;0.14;0.10;1772;5
59;5.00;7.02;6.45;6.45;249;5
60;0.09;0.29;0.25;0.18;1808;5
61;0.01;0.18;0.16;0.02;3215;5
62;20.99;27.09;26.40;25.95;154;5
63;1.20;2.40;2.62;2.99;213;5
64;0.02;0.42;0.62;0.29;1317;5
65;0.02;0.27;0.28;0.09;1509;5
66;13.46;17.92;17.28;17.99;220;5
67;0.49;0.99;0.65;0.72;860;5
68;0.04;0.23;0.24;0.10;1861;5
69;39.00;43.88;45.18;52.95;124;5
70;15.00;21.17;21.07;22.25;160;5
71;0.09;0.26;0.29;0.25;2012;5
72;0.02;0.17;0.14;0.10;1755;5
73;0.10;0.37;0.39;0.31;1269;5
74;0.01;0.11;0.09;0.02;3484;5
75;1.40;2.53;2.36;2.25;892;5
76;0.05;0.24;0.20;0.05;1914;5
77;0.09;0.28;0.25;0.15;1698;5
78;0.05;0.28;0.27;0.49;1834;5
79;0.01;0.10;0.09;0.10;2755;5
80;0.01;0.12;0.11;0.05;2497;5
81;0.02;0.15;0.18;0.25;1792;5
82;0.01;0.08;0.02;0.04;4225;5
83;0.01;0.11;0.10;0.10;3458;5
84;0.02;0.13;0.11;0.15;2532;5
85;4.44;6.36;6.80;7.00;321;5
86;0.19;0.49;0.44;0.36;1017;5
87;0.05;0.21;0.22;0.15;1923;5
88;0.01;0.13;0.16;0.20;2278;5
89;0.02;0.18;0.15;0.49;1949;5
90;1.60;2.64;2.63;3.75;377;5
91;0.02;0.17;0.08;0.03;3279;5
92;16.88;20.33;19.31;17.50;216;5
93;0.02;0.06;0.05;0.02;2572;5
94;0.01;0.05;0.06;0.03;4839;5
95;5.00;7.68;7.31;6.99;601;5
96;0.01;0.15;0.12;0.15;2714;5
97;0.01;0.07;0.05;0.02;4414;5
98;0.02;0.14;0.12;0.09;2255;5
99;0.08;0.43;0.50;0.42;874;5
100;1.00;1.85;1.74;1.76;993;5
101;0.01;0.13;0.13;0.15;2316;5
102;0.02;0.12;0.13;0.15;2558;5
103;0.02;0.09;0.07;0.10;2391;5
104;0.01;0.08;0.06;0.07;4593;5
105;1.40;2.45;2.19;2.00;461;5
106;0.02;0.12;0.08;0.02;2411;5
107;0.01;0.15;0.10;0.07;3005;5
108;0.01;0.12;0.08;0.04;2607;5
109;0.05;0.16;0.17;0.05;2565;5
110;0.01;0.21;0.15;0.15;1617;5
111;0.01;0.05;0.08;0.09;4780;5
112;0.02;0.16;0.27;0.50;2522;5
113;0.01;0.07;0.04;0.02;4283;5
114;0.02;0.12;0.09;0.02;2277;5
115;0.01;0.12;0.08;0.07;2127;5
116;0.02;0.13;0.12;0.05;2703;5
117;1.35;1.90;1.59;1.80;771;5
118;0.01;0.10;0.18;0.10;2337;5
119;0.01;0.11;0.14;0.05;2964;5
120;0.01;0.09;0.12;0.27;4706;5
121;0.01;0.13;0.07;0.05;3224;5
122;0.02;0.13;0.14;0.05;2638;5
123;0.01;0.05;0.06;0.03;4404;5
124;0.01;0.12;0.11;0.02;3031;5
125;0.01;0.04;0.03;0.03;4697;5
126;0.01;0.03;0.02;0.02;4580;5
127;0.01;0.06;0.08;0.09;4728;5
128;0.02;0.08;0.07;0.05;2747;5
129;0.02;0.26;0.25;0.11;1025;5
130;0.05;0.24;0.24;0.19;937;5
131;0.01;0.05;0.05;0.02;4696;5
132;0.10;0.30;0.33;0.15;1616;5
133;0.01;0.04;0.05;0.05;4735;5
134;0.01;0.09;0.13;0.03;2759;5
135;0.02;0.11;0.20;0.10;1858;5
136;0.01;0.05;0.07;0.01;4417;5
137;0.01;0.04;0.05;0.02;4625;5
138;0.01;0.07;0.06;0.08;4812;5
139;0.02;0.13;0.10;0.02;2569;5
140;0.01;0.03;0.05;0.02;4739;5
141;0.01;0.07;0.10;0.05;2634;5
142;0.02;0.07;0.09;0.02;2717;5
143;0.02;0.08;0.14;0.04;3081;5
144;0.02;0.07;0.09;0.10;2632;5
145;0.01;0.06;0.07;0.02;4599;5
146;0.02;0.08;0.06;0.05;2550;5
147;0.02;0.11;0.13;0.08;2642;5
148;0.01;0.03;0.02;0.02;2808;5
149;0.01;0.05;0.05;0.02;5253;5
150;0.01;0.06;0.06;0.02;2786;5
151;0.01;0.04;0.03;0.02;2746;5
152;0.01;0.07;0.07;0.20;2732;5
153;0.01;0.05;0.09;0.15;4716;5
154;0.01;0.07;0.06;0.03;5539;5
155;0.01;0.07;0.13;0.15;4805;5
156;0.01;0.04;0.03;0.02;4710;5
157;0.02;0.10;0.08;0.05;2618;5
158;0.01;0.06;0.05;0.12;4679;5
159;0.02;0.05;0.05;0.02;2721;5
160;0.01;0.06;0.13;0.02;4698;5
161;0.01;0.04;0.05;0.02;4754;5
162;0.01;0.05;0.08;0.02;2857;5
163;0.02;0.06;0.07;0.15;2837;5
164;0.01;0.05;0.06;0.13;4508;5
165;0.01;0.06;0.07;0.05;4783;5
166;0.01;0.05;0.04;0.02;4652;5
167;0.01;0.10;0.11;0.15;2611;5
168;0.02;0.12;0.13;0.07;2825;5
169;0.01;0.06;0.09;0.02;4800;5
170;0.01;0.07;0.08;0.04;4848;5
171;0.01;0.03;0.04;0.02;4569;5
172;0.01;0.05;0.07;0.02;4696;5
173;0.01;0.03;0.09;0.02;4727;5
174;0.01;0.05;0.06;0.15;4689;5
175;0.01;0.08;0.07;0.15;4500;5
176;0.01;0.09;0.09;0.25;2506;5
177;0.01;0.07;0.08;0.07;5189;5
178;0.01;0.04;0.06;0.02;4798;5
179;0.01;0.05;0.04;0.02;4687;5
180;0.01;0.06;0.10;0.06;2753;5
181;0.01;0.04;0.03;0.02;4688;5
182;0.01;0.04;0.04;0.02;4735;5
183;0.02;0.03;0.03;0.02;2792;5
184;0.01;0.02;0.05;0.02;4706;5
185;0.01;0.03;0.02;0.10;2789;5
186;0.01;0.03;0.07;0.05;4662;5
187;0.01;0.07;0.09;0.15;2696;5
188;0.01;0.03;0.04;0.05;4776;5
189;0.01;0.05;0.04;0.02;2828;5
190;0.01;0.02;0.02;0.02;4674;5
191;0.01;0.04;0.03;0.05;4891;5
192;0.02;0.05;0.04;0.03;2834;5
193;0.01;0.05;0.06;0.02;4659;5
194;0.02;0.08;0.14;0.05;2730;5
195;0.01;0.03;0.07;0.07;4657;5
196;0.01;0.03;0.04;0.05;4683;5
197;0.01;0.05;0.07;0.10;2816;5
198;0.01;0.05;0.06;0.15;4771;5
199;0.01;0.03;0.02;0.02;4694;5
200;0.02;0.04;0.03;0.08;2713;5
201;0.02;0.08;0.12;0.02;2718;5
202;0.01;0.04;0.03;0.02;2777;5
203;0.01;0.05;0.06;0.02;4682;5
204;0.01;0.02;0.04;0.02;4701;5
205;0.01;0.03;0.04;0.02;4814;5
206;0.02;0.09;0.06;0.02;2904;5
207;0.02;0.10;0.05;0.02;2900;5
208;0.02;0.08;0.08;0.02;2889;5
209;0.02;0.06;0.07;0.02;2766;5
210;0.01;0.04;0.04;0.02;4674;5
211;0.01;0.12;0.09;0.10;4634;5
212;0.01;0.05;0.07;0.12;4759;5
213;0.02;0.05;0.06;0.02;2870;5
214;0.01;0.03;0.04;0.02;4687;5
215;0.02;0.07;0.08;0.24;2898;5
216;0.01;0.08;0.06;0.05;2851;5
217;0.01;0.05;0.07;0.02;4884;5
218;0.01;0.03;0.03;0.02;4656;5
219;0.01;0.04;0.02;0.02;4721;5
220;0.01;0.04;0.04;0.02;4518;5
221;0.01;0.02;0.03;0.02;4686;5
222;0.01;0.06;0.03;0.03;2735;5
223;0.01;0.04;0.04;0.15;2787;5
224;0.01;0.05;0.05;0.02;4888;5
225;0.01;0.04;0.06;0.02;4624;5
226;0.01;0.02;0.02;0.02;4620;5
227;0.01;0.04;0.04;0.03;4745;5
228;0.01;0.05;0.05;0.02;2874;5
229;0.01;0.04;0.05;0.02;4687;5
230;0.01;0.04;0.04;0.05;4648;5
231;0.01;0.03;0.03;0.04;2747;5
232;0.01;0.04;0.03;0.02;4715;5
233;0.01;0.04;0.06;0.15;4853;5
234;0.01;0.04;0.03;0.02;4735;5
235;0.01;0.05;0.06;0.05;4789;5
236;0.01;0.03;0.02;0.02;4781;5
237;0.01;0.04;0.08;0.15;4904;5
238;0.01;0.03;0.03;0.15;4803;5
239;0.01;0.03;0.04;0.15;4861;5
240;0.01;0.04;0.07;0.08;4840;5
241;0.01;0.04;0.02;0.02;4757;5
242;0.01;0.03;0.05;0.02;4689;5
243;0.01;0.09;0.04;0.08;4780;5
244;0.01;0.04;0.02;0.02;4620;5
245;0.01;0.03;0.03;0.02;4679;5
246;0.01;0.03;0.03;0.02;4767;5
247;0.01;0.03;0.04;0.15;4776;5
248;0.01;0.02;0.02;0.02;4623;5
249;0.01;0.04;0.05;0.02;4614;5
250;0.02;0.03;0.04;0.02;2785;5
251;0.01;0.03;0.03;0.02;4718;5
252;0.01;0.02;0.02;0.02;4668;5
253;0.01;0.03;0.04;0.02;4620;5
254;0.01;0.03;0.03;0.04;2738;5
255;0.01;0.05;0.06;0.10;4658;5
256;0.01;0.03;0.03;0.02;4778;5
257;0.01;0.02;0.04;0.02;4622;5
258;0.01;0.04;0.03;0.08;4720;5
259;0.01;0.05;0.05;0.07;4751;5
260;0.01;0.02;0.04;0.02;4742;5
261;0.01;0.03;0.03;0.02;4720;5
262;0.01;0.02;0.03;0.02;4776;5
263;32.85;33.20;36.01;36.90;39;5
264;16.00;19.28;19.30;17.99;40;5
1;0.15;0.69;0.75;0.91;948;6
2;0.02;0.19;0.24;0.23;2274;6
5;8.99;11.51;12.28;13.09;166;6
6;0.02;0.29;0.28;0.33;1025;6
4;1.00;2.16;2.36;3.79;319;6
7;0.15;0.72;0.77;0.74;402;6
8;0.01;0.10;0.17;0.10;6874;6
9;0.01;0.10;0.08;0.07;4155;6
10;0.10;0.36;0.48;0.45;1179;6
11;24.00;28.98;29.29;29.96;124;6
12;5.99;7.01;7.56;7.68;225;6
13;0.05;0.77;0.74;0.50;433;6
14;0.19;0.46;0.41;0.50;758;6
15;3.50;4.52;4.53;4.50;264;6
16;0.35;0.89;0.89;1.66;1901;6
17;1.00;2.16;2.17;2.61;357;6
3;0.10;0.41;0.44;0.41;1351;6
18;4.99;6.81;6.88;7.58;230;6
19;0.10;0.46;0.50;0.33;935;6
20;5.00;9.93;10.18;10.16;290;6
21;0.65;1.17;1.55;1.33;228;6
22;0.99;1.93;1.83;1.80;335;6
23;0.15;0.70;0.77;0.87;580;6
24;16.94;21.04;20.23;20.31;148;6
25;13.99;18.54;18.79;17.98;138;6
26;1.40;2.46;2.37;2.29;442;6
27;1.98;2.89;2.87;3.12;228;6
28;0.02;0.13;0.13;0.24;3654;6
29;1.00;2.02;2.06;1.52;370;6
30;1.60;2.36;2.39;2.66;369;6
31;9.00;14.29;13.01;13.99;230;6
32;7.00;12.04;12.48;12.73;213;6
33;2.99;4.52;4.55;6.15;223;6
34;1.95;3.34;3.59;4.02;379;6
35;2.00;4.71;4.24;3.57;301;6
36;3.49;4.43;4.48;4.00;364;6
37;0.01;0.16;0.08;0.10;3671;6
38;0.50;1.87;2.03;2.39;309;6
39;0.15;0.79;0.70;0.46;495;6
40;0.10;0.62;0.60;0.37;612;6
41;0.10;0.34;0.35;0.35;1493;6
42;4.50;5.76;5.77;6.19;342;6
43;0.08;0.41;0.47;0.31;1309;6
44;0.01;0.09;0.10;0.12;3883;6
45;8.00;11.59;11.49;11.46;354;6
46;0.10;0.29;0.38;0.25;1056;6
47;0.10;0.44;0.45;0.26;1135;6
48;0.02;0.35;0.38;0.49;1615;6
49;0.08;0.32;0.31;0.38;1200;6
50;0.15;0.87;1.02;0.86;355;6
51;15.00;22.54;22.50;22.50;170;6
52;0.02;0.19;0.20;0.15;3034;6
53;4.45;8.72;9.19;8.98;176;6
54;0.01;0.08;0.09;0.20;4917;6
55;0.02;0.17;0.17;0.25;2867;6
56;0.99;1.62;1.54;1.71;506;6
57;0.02;0.13;0.20;0.19;2135;6
58;0.02;0.19;0.14;0.10;1760;6
59;5.00;6.94;6.53;6.50;249;6
60;0.09;0.28;0.27;0.15;1800;6
61;0.01;0.18;0.16;0.02;3244;6
62;20.99;27.03;26.63;27.50;153;6
63;1.20;2.40;2.59;2.86;212;6
64;0.02;0.44;0.59;0.75;1315;6
65;0.02;0.29;0.37;0.41;1501;6
66;13.46;17.91;17.27;17.58;211;6
67;0.49;1.00;0.73;1.01;858;6
68;0.04;0.26;0.28;0.19;1852;6
69;39.00;43.86;47.98;44.00;127;6
70;15.95;20.93;20.69;15.00;167;6
71;0.09;0.25;0.26;0.15;2016;6
72;0.02;0.16;0.13;0.16;1747;6
73;0.10;0.36;0.37;0.35;1272;6
74;0.01;0.11;0.09;0.02;3481;6
75;1.40;2.54;2.41;2.50;882;6
76;0.05;0.24;0.20;0.05;1911;6
77;0.09;0.27;0.25;0.25;1699;6
78;0.05;0.30;0.40;0.14;1838;6
79;0.01;0.11;0.12;0.41;2743;6
80;0.01;0.12;0.11;0.05;2491;6
81;0.02;0.13;0.15;0.06;1802;6
82;0.01;0.07;0.04;0.04;4189;6
83;0.01;0.11;0.10;0.10;3489;6
84;0.02;0.13;0.11;0.16;2538;6
85;4.44;6.34;6.54;5.60;321;6
86;0.19;0.47;0.41;0.41;1013;6
87;0.05;0.20;0.22;0.22;1917;6
88;0.01;0.13;0.14;0.02;2272;6
89;0.02;0.18;0.15;0.11;1944;6
90;1.60;2.64;2.63;3.75;375;6
91;0.02;0.17;0.08;0.05;3256;6
92;16.00;20.29;18.68;19.00;217;6
93;0.02;0.06;0.05;0.09;2557;6
94;0.01;0.05;0.07;0.03;4790;6
95;5.00;7.69;7.47;10.00;608;6
96;0.01;0.15;0.12;0.15;2719;6
97;0.01;0.07;0.05;0.02;4358;6
98;0.02;0.13;0.10;0.09;2229;6
99;0.08;0.43;0.50;0.42;865;6
100;1.00;1.86;1.74;1.65;985;6
101;0.01;0.13;0.13;0.15;2310;6
102;0.02;0.12;0.13;0.15;2559;6
103;0.02;0.09;0.07;0.15;2396;6
104;0.01;0.08;0.06;0.07;4551;6
105;1.40;2.46;2.07;2.00;459;6
106;0.02;0.12;0.09;0.15;2414;6
107;0.01;0.15;0.10;0.15;3004;6
108;0.01;0.12;0.08;0.04;2614;6
109;0.05;0.15;0.11;0.12;2565;6
110;0.01;0.21;0.15;0.15;1619;6
111;0.01;0.05;0.06;0.01;4714;6
112;0.02;0.16;0.27;0.50;2511;6
113;0.01;0.07;0.04;0.02;4290;6
114;0.02;0.12;0.09;0.04;2270;6
115;0.01;0.12;0.08;0.10;2132;6
116;0.02;0.13;0.12;0.05;2680;6
117;1.35;1.87;1.55;1.49;777;6
118;0.01;0.10;0.18;0.10;2334;6
119;0.01;0.11;0.14;0.05;2953;6
120;0.01;0.10;0.12;0.15;4674;6
121;0.01;0.13;0.08;0.13;3222;6
122;0.02;0.13;0.14;0.05;2613;6
123;0.01;0.05;0.06;0.03;4376;6
124;0.01;0.12;0.11;0.02;3029;6
125;0.01;0.04;0.03;0.05;4666;6
126;0.01;0.03;0.02;0.02;4550;6
127;0.01;0.06;0.08;0.09;4764;6
128;0.02;0.08;0.07;0.05;2642;6
129;0.02;0.26;0.25;0.11;1027;6
130;0.05;0.24;0.24;0.19;937;6
131;0.01;0.05;0.05;0.02;4729;6
132;0.10;0.30;0.33;0.15;1610;6
133;0.01;0.04;0.05;0.02;4692;6
134;0.01;0.09;0.13;0.03;2762;6
135;0.02;0.11;0.20;0.10;1834;6
136;0.01;0.05;0.07;0.01;4358;6
137;0.01;0.04;0.05;0.02;4564;6
138;0.01;0.07;0.06;0.08;4811;6
139;0.02;0.12;0.10;0.07;2558;6
140;0.01;0.03;0.05;0.02;4701;6
141;0.01;0.06;0.10;0.05;2629;6
142;0.02;0.06;0.10;0.05;2705;6
143;0.02;0.09;0.15;0.30;3071;6
144;0.02;0.07;0.09;0.10;2625;6
145;0.01;0.06;0.08;0.10;4566;6
146;0.02;0.08;0.08;0.25;2543;6
147;0.02;0.10;0.12;0.07;2633;6
148;0.01;0.03;0.02;0.02;2821;6
149;0.01;0.05;0.05;0.02;5273;6
150;0.01;0.06;0.06;0.02;2785;6
151;0.01;0.05;0.04;0.20;2754;6
152;0.01;0.07;0.07;0.20;2737;6
153;0.01;0.05;0.09;0.15;4666;6
154;0.01;0.08;0.08;0.05;5491;6
155;0.01;0.07;0.13;0.15;4743;6
156;0.01;0.04;0.03;0.02;4697;6
157;0.02;0.10;0.08;0.05;2600;6
158;0.01;0.06;0.05;0.12;4623;6
159;0.02;0.05;0.05;0.02;2734;6
160;0.01;0.06;0.13;0.02;4657;6
161;0.01;0.04;0.05;0.10;4736;6
162;0.01;0.05;0.08;0.05;2850;6
163;0.02;0.06;0.07;0.15;2832;6
164;0.01;0.05;0.06;0.13;4462;6
165;0.01;0.06;0.07;0.05;4735;6
166;0.01;0.05;0.04;0.02;4592;6
167;0.01;0.10;0.11;0.05;2604;6
168;0.02;0.12;0.13;0.07;2823;6
169;0.01;0.06;0.09;0.02;4767;6
170;0.01;0.07;0.08;0.04;4793;6
171;0.01;0.03;0.04;0.02;4525;6
172;0.01;0.06;0.07;0.10;4726;6
173;0.01;0.03;0.09;0.02;4714;6
174;0.01;0.04;0.06;0.02;4641;6
175;0.01;0.08;0.05;0.04;4484;6
176;0.01;0.09;0.09;0.25;2512;6
177;0.01;0.07;0.08;0.07;5139;6
178;0.01;0.04;0.06;0.02;4742;6
179;0.01;0.05;0.04;0.02;4634;6
180;0.01;0.06;0.10;0.06;2758;6
181;0.01;0.04;0.03;0.02;4675;6
182;0.01;0.04;0.04;0.02;4704;6
183;0.02;0.04;0.03;0.02;2801;6
184;0.01;0.02;0.05;0.02;4701;6
185;0.01;0.03;0.02;0.10;2774;6
186;0.01;0.03;0.07;0.05;4596;6
187;0.01;0.07;0.09;0.15;2706;6
188;0.01;0.03;0.04;0.05;4736;6
189;0.01;0.05;0.04;0.02;2828;6
190;0.01;0.02;0.02;0.02;4659;6
191;0.01;0.04;0.03;0.05;4912;6
192;0.02;0.05;0.04;0.03;2844;6
193;0.01;0.05;0.06;0.02;4693;6
194;0.02;0.08;0.14;0.05;2743;6
195;0.01;0.03;0.07;0.07;4637;6
196;0.01;0.03;0.04;0.05;4667;6
197;0.01;0.05;0.07;0.10;2836;6
198;0.01;0.05;0.06;0.15;4788;6
199;0.01;0.03;0.02;0.02;4676;6
200;0.02;0.04;0.03;0.08;2702;6
201;0.02;0.08;0.12;0.02;2704;6
202;0.01;0.04;0.03;0.02;2768;6
203;0.01;0.05;0.06;0.02;4628;6
204;0.01;0.02;0.04;0.02;4666;6
205;0.01;0.03;0.04;0.02;4774;6
206;0.02;0.09;0.06;0.02;2906;6
207;0.02;0.10;0.05;0.02;2897;6
208;0.02;0.08;0.08;0.02;2882;6
209;0.02;0.06;0.07;0.02;2759;6
210;0.01;0.04;0.04;0.02;4654;6
211;0.01;0.12;0.09;0.10;4608;6
212;0.01;0.05;0.07;0.12;4750;6
213;0.02;0.05;0.06;0.02;2861;6
214;0.01;0.03;0.04;0.02;4644;6
215;0.02;0.07;0.08;0.24;2889;6
216;0.01;0.08;0.06;0.05;2844;6
217;0.01;0.05;0.07;0.02;4875;6
218;0.01;0.03;0.03;0.02;4688;6
219;0.01;0.04;0.02;0.02;4680;6
220;0.01;0.04;0.04;0.02;4490;6
221;0.01;0.02;0.03;0.02;4654;6
222;0.01;0.06;0.03;0.03;2736;6
223;0.01;0.04;0.04;0.05;2799;6
224;0.01;0.05;0.05;0.02;4876;6
225;0.01;0.04;0.06;0.02;4610;6
226;0.01;0.02;0.02;0.02;4607;6
227;0.01;0.04;0.04;0.03;4762;6
228;0.01;0.05;0.05;0.02;2864;6
229;0.01;0.04;0.05;0.02;4693;6
230;0.01;0.04;0.04;0.05;4586;6
231;0.01;0.03;0.03;0.04;2736;6
232;0.01;0.04;0.03;0.02;4685;6
233;0.01;0.04;0.06;0.15;4825;6
234;0.01;0.04;0.03;0.02;4690;6
235;0.01;0.05;0.06;0.05;4782;6
236;0.01;0.03;0.02;0.02;4725;6
237;0.01;0.04;0.08;0.15;4847;6
238;0.01;0.03;0.03;0.15;4744;6
239;0.01;0.03;0.04;0.15;4805;6
240;0.01;0.04;0.07;0.08;4831;6
241;0.01;0.04;0.02;0.02;4708;6
242;0.01;0.03;0.05;0.02;4722;6
243;0.01;0.09;0.04;0.08;4765;6
244;0.01;0.04;0.02;0.02;4650;6
245;0.01;0.03;0.03;0.02;4663;6
246;0.01;0.03;0.03;0.02;4737;6
247;0.01;0.03;0.04;0.15;4802;6
248;0.01;0.02;0.02;0.02;4601;6
249;0.01;0.04;0.05;0.02;4639;6
250;0.02;0.03;0.04;0.02;2794;6
251;0.01;0.03;0.03;0.02;4750;6
252;0.01;0.02;0.02;0.02;4700;6
253;0.01;0.03;0.04;0.02;4607;6
254;0.01;0.03;0.03;0.04;2748;6
255;0.01;0.05;0.06;0.10;4616;6
256;0.01;0.03;0.03;0.02;4742;6
257;0.01;0.02;0.04;0.02;4569;6
258;0.01;0.04;0.03;0.08;4718;6
259;0.01;0.05;0.05;0.07;4688;6
260;0.01;0.02;0.04;0.02;4750;6
261;0.01;0.03;0.03;0.02;4667;6
262;0.01;0.02;0.03;0.02;4756;6
263;32.85;33.20;36.01;36.90;39;6
264;16.00;19.28;19.30;17.99;40;6
1;0.15;0.69;0.75;0.91;948;7
2;0.02;0.19;0.24;0.23;2274;7
5;8.99;11.51;12.28;13.09;166;7
6;0.02;0.29;0.28;0.33;1025;7
4;1.00;2.16;2.36;3.79;320;7
7;0.15;0.72;0.77;0.74;395;7
8;0.01;0.10;0.17;0.10;6874;7
9;0.01;0.10;0.08;0.07;4155;7
10;0.10;0.36;0.48;0.45;1179;7
11;24.00;28.98;29.29;29.96;124;7
12;5.99;7.01;7.56;7.68;225;7
13;0.05;0.77;0.74;0.50;433;7
14;0.19;0.46;0.41;0.50;758;7
15;3.50;4.52;4.53;4.50;264;7
16;0.35;0.89;0.89;1.66;1901;7
17;1.00;2.16;2.17;2.61;365;7
3;0.10;0.41;0.44;0.41;1351;7
18;4.99;6.81;6.88;7.58;230;7
19;0.10;0.46;0.50;0.33;936;7
20;6.29;9.93;10.18;10.16;298;7
21;0.65;1.17;1.55;1.33;235;7
22;0.99;1.93;1.83;1.80;342;7
23;0.15;0.70;0.77;0.87;580;7
24;16.94;21.04;20.23;20.31;148;7
25;13.99;18.54;18.79;17.98;138;7
26;1.40;2.46;2.37;2.29;442;7
27;1.98;2.89;2.87;3.12;228;7
28;0.02;0.13;0.13;0.24;3654;7
29;1.00;2.02;2.06;1.52;385;7
30;1.60;2.36;2.39;2.66;377;7
31;9.00;14.29;13.01;13.99;230;7
32;7.00;12.04;12.48;12.73;213;7
33;2.99;4.52;4.55;6.15;223;7
34;1.95;3.34;3.59;4.02;379;7
35;2.00;4.71;4.24;3.57;305;7
36;3.49;4.43;4.48;4.00;364;7
37;0.01;0.16;0.08;0.10;3614;7
38;0.50;1.87;2.03;2.39;309;7
39;0.15;0.79;0.70;0.46;497;7
40;0.10;0.62;0.60;0.37;615;7
41;0.10;0.34;0.35;0.35;1493;7
42;4.50;5.76;5.77;6.19;348;7
43;0.08;0.41;0.47;0.31;1305;7
44;0.01;0.09;0.10;0.12;3857;7
45;8.00;11.59;11.49;11.46;347;7
46;0.10;0.29;0.38;0.25;1056;7
47;0.10;0.44;0.45;0.26;1135;7
48;0.02;0.35;0.38;0.49;1596;7
49;0.08;0.32;0.31;0.38;1200;7
50;0.15;0.87;1.02;0.86;356;7
51;15.00;22.54;22.50;22.50;170;7
52;0.02;0.19;0.20;0.15;3034;7
53;4.45;8.72;9.19;8.98;180;7
54;0.01;0.08;0.09;0.20;4897;7
55;0.02;0.17;0.17;0.25;2858;7
56;0.99;1.62;1.54;1.71;513;7
57;0.02;0.13;0.20;0.19;2135;7
58;0.02;0.19;0.14;0.10;1760;7
59;5.00;6.94;6.53;6.50;249;7
60;0.09;0.28;0.27;0.15;1800;7
61;0.01;0.18;0.16;0.02;3244;7
62;20.99;27.03;26.63;27.50;153;7
63;1.20;2.40;2.59;2.86;212;7
64;0.02;0.44;0.59;0.75;1315;7
65;0.02;0.29;0.37;0.41;1511;7
66;13.46;17.91;17.27;17.58;211;7
67;0.49;1.00;0.73;1.01;858;7
68;0.04;0.26;0.28;0.19;1852;7
69;39.00;43.86;47.98;44.00;133;7
70;15.95;20.93;20.69;15.00;167;7
71;0.09;0.25;0.26;0.15;2016;7
72;0.02;0.16;0.13;0.16;1745;7
73;0.10;0.36;0.37;0.35;1272;7
74;0.01;0.11;0.09;0.02;3481;7
75;1.40;2.54;2.41;2.50;882;7
76;0.05;0.24;0.20;0.05;1912;7
77;0.09;0.27;0.25;0.25;1686;7
78;0.05;0.30;0.40;0.14;1838;7
79;0.01;0.11;0.12;0.41;2743;7
80;0.01;0.12;0.11;0.05;2491;7
81;0.02;0.14;0.20;0.25;1802;7
82;0.01;0.07;0.04;0.04;4189;7
83;0.01;0.11;0.10;0.10;3489;7
84;0.02;0.13;0.11;0.16;2538;7
85;4.44;6.39;6.42;6.71;321;7
86;0.19;0.49;0.45;0.99;1013;7
87;0.05;0.20;0.22;0.23;1917;7
88;0.01;0.13;0.14;0.10;2272;7
89;0.02;0.19;0.19;0.32;1947;7
90;1.60;2.64;2.69;3.07;372;7
91;0.02;0.17;0.07;0.15;3256;7
92;16.00;20.30;18.74;19.00;217;7
93;0.02;0.06;0.05;0.09;2557;7
94;0.01;0.05;0.07;0.03;4790;7
95;5.00;7.69;7.47;10.00;608;7
96;0.01;0.15;0.12;0.15;2719;7
97;0.01;0.07;0.05;0.02;4358;7
98;0.02;0.13;0.10;0.09;2229;7
99;0.08;0.43;0.52;0.50;865;7
100;1.00;1.87;1.75;1.99;992;7
101;0.01;0.13;0.17;0.15;2310;7
102;0.02;0.12;0.14;0.14;2559;7
103;0.02;0.09;0.07;0.15;2396;7
104;0.01;0.08;0.06;0.05;4551;7
105;1.40;2.46;2.07;2.00;459;7
106;0.02;0.13;0.15;0.49;2414;7
107;0.01;0.15;0.10;0.11;3004;7
108;0.01;0.12;0.08;0.04;2614;7
109;0.05;0.15;0.12;0.15;2563;7
110;0.01;0.21;0.15;0.15;1619;7
111;0.01;0.05;0.06;0.01;4714;7
112;0.02;0.16;0.14;0.10;2511;7
113;0.01;0.06;0.02;0.01;4276;7
114;0.02;0.12;0.09;0.04;2270;7
115;0.01;0.12;0.09;0.10;2132;7
116;0.02;0.13;0.12;0.05;2680;7
117;1.35;1.87;1.55;1.49;777;7
118;0.01;0.10;0.18;0.10;2334;7
119;0.01;0.11;0.14;0.05;2953;7
120;0.01;0.10;0.12;0.15;4674;7
121;0.01;0.12;0.08;0.05;3222;7
122;0.02;0.13;0.14;0.05;2613;7
123;0.01;0.05;0.05;0.04;4347;7
124;0.01;0.12;0.11;0.13;3029;7
125;0.01;0.04;0.03;0.05;4666;7
126;0.01;0.03;0.02;0.02;4550;7
127;0.01;0.06;0.08;0.09;4764;7
128;0.02;0.08;0.07;0.05;2642;7
129;0.02;0.26;0.25;0.11;1027;7
130;0.05;0.24;0.24;0.19;937;7
131;0.01;0.05;0.05;0.02;4729;7
132;0.10;0.30;0.32;0.10;1610;7
133;0.01;0.04;0.05;0.02;4692;7
134;0.01;0.09;0.13;0.03;2762;7
135;0.02;0.11;0.20;0.10;1834;7
136;0.01;0.05;0.07;0.01;4358;7
137;0.01;0.04;0.05;0.02;4564;7
138;0.01;0.07;0.06;0.08;4811;7
139;0.02;0.12;0.10;0.07;2558;7
140;0.01;0.03;0.05;0.02;4701;7
141;0.01;0.06;0.10;0.05;2629;7
142;0.02;0.06;0.10;0.05;2705;7
143;0.02;0.09;0.15;0.30;3071;7
144;0.02;0.07;0.09;0.10;2625;7
145;0.01;0.06;0.05;0.01;4566;7
146;0.02;0.08;0.08;0.25;2543;7
147;0.02;0.10;0.12;0.07;2633;7
148;0.01;0.03;0.02;0.02;2821;7
149;0.01;0.04;0.02;0.01;5273;7
150;0.01;0.06;0.06;0.02;2785;7
151;0.01;0.05;0.04;0.20;2754;7
152;0.01;0.07;0.07;0.20;2737;7
153;0.01;0.05;0.09;0.15;4666;7
154;0.01;0.06;0.03;0.02;5491;7
155;0.01;0.07;0.13;0.15;4743;7
156;0.01;0.04;0.03;0.02;4697;7
157;0.02;0.10;0.08;0.05;2600;7
158;0.01;0.05;0.03;0.01;4623;7
159;0.02;0.05;0.05;0.02;2717;7
160;0.01;0.04;0.04;0.01;4657;7
161;0.01;0.04;0.05;0.10;4736;7
162;0.01;0.05;0.08;0.05;2850;7
163;0.02;0.06;0.07;0.15;2832;7
164;0.01;0.05;0.06;0.13;4462;7
165;0.01;0.06;0.07;0.05;4735;7
166;0.01;0.05;0.04;0.02;4592;7
167;0.01;0.10;0.11;0.05;2604;7
168;0.02;0.12;0.13;0.07;2823;7
169;0.01;0.06;0.09;0.02;4767;7
170;0.01;0.06;0.04;0.01;4793;7
171;0.01;0.03;0.04;0.02;4525;7
172;0.01;0.04;0.03;0.01;4651;7
173;0.01;0.03;0.09;0.02;4714;7
174;0.01;0.04;0.06;0.02;4641;7
175;0.01;0.08;0.05;0.04;4484;7
176;0.01;0.09;0.09;0.25;2512;7
177;0.01;0.07;0.08;0.07;5139;7
178;0.01;0.04;0.06;0.02;4742;7
179;0.01;0.05;0.04;0.02;4634;7
180;0.01;0.06;0.10;0.06;2758;7
181;0.01;0.04;0.03;0.02;4675;7
182;0.01;0.04;0.04;0.02;4704;7
183;0.02;0.04;0.03;0.02;2801;7
184;0.01;0.02;0.05;0.02;4701;7
185;0.01;0.03;0.02;0.10;2774;7
186;0.01;0.03;0.07;0.05;4596;7
187;0.01;0.07;0.09;0.15;2706;7
188;0.01;0.03;0.04;0.05;4736;7
189;0.01;0.05;0.04;0.02;2828;7
190;0.01;0.02;0.02;0.02;4659;7
191;0.01;0.03;0.02;0.01;4912;7
192;0.02;0.05;0.04;0.03;2844;7
193;0.01;0.05;0.06;0.02;4642;7
194;0.02;0.08;0.14;0.05;2743;7
195;0.01;0.03;0.07;0.07;4637;7
196;0.01;0.03;0.04;0.05;4667;7
197;0.01;0.05;0.07;0.10;2836;7
198;0.01;0.05;0.06;0.15;4788;7
199;0.01;0.03;0.02;0.02;4676;7
200;0.02;0.04;0.03;0.08;2702;7
201;0.02;0.08;0.12;0.02;2704;7
202;0.01;0.04;0.03;0.02;2768;7
203;0.01;0.05;0.06;0.02;4628;7
204;0.01;0.02;0.04;0.02;4666;7
205;0.01;0.03;0.04;0.02;4774;7
206;0.02;0.09;0.06;0.05;2906;7
207;0.02;0.09;0.05;0.05;2897;7
208;0.02;0.08;0.05;0.05;2882;7
209;0.02;0.06;0.07;0.05;2759;7
210;0.01;0.04;0.04;0.02;4654;7
211;0.01;0.12;0.09;0.10;4608;7
212;0.01;0.05;0.07;0.12;4750;7
213;0.02;0.05;0.06;0.02;2861;7
214;0.01;0.03;0.04;0.02;4644;7
215;0.02;0.07;0.08;0.24;2889;7
216;0.01;0.08;0.06;0.05;2844;7
217;0.01;0.05;0.07;0.02;4875;7
218;0.01;0.03;0.03;0.02;4632;7
219;0.01;0.04;0.02;0.02;4680;7
220;0.01;0.04;0.04;0.02;4490;7
221;0.01;0.02;0.03;0.02;4654;7
222;0.01;0.06;0.03;0.03;2736;7
223;0.01;0.04;0.04;0.05;2799;7
224;0.01;0.05;0.05;0.02;4876;7
225;0.01;0.04;0.06;0.02;4610;7
226;0.01;0.02;0.02;0.02;4607;7
227;0.01;0.04;0.04;0.03;4762;7
228;0.01;0.05;0.05;0.02;2864;7
229;0.01;0.04;0.05;0.02;4631;7
230;0.01;0.04;0.04;0.05;4586;7
231;0.01;0.03;0.03;0.04;2736;7
232;0.01;0.04;0.03;0.02;4685;7
233;0.01;0.03;0.03;0.01;4825;7
234;0.01;0.04;0.03;0.02;4690;7
235;0.01;0.05;0.06;0.05;4782;7
236;0.01;0.03;0.02;0.02;4725;7
237;0.01;0.04;0.08;0.15;4847;7
238;0.01;0.03;0.03;0.15;4744;7
239;0.01;0.02;0.02;0.01;4805;7
240;0.01;0.03;0.03;0.01;4831;7
241;0.01;0.04;0.02;0.02;4708;7
242;0.01;0.03;0.05;0.02;4669;7
243;0.01;0.07;0.02;0.01;4765;7
244;0.01;0.04;0.02;0.02;4604;7
245;0.01;0.03;0.03;0.02;4663;7
246;0.01;0.03;0.03;0.02;4737;7
247;0.01;0.03;0.04;0.15;4802;7
248;0.01;0.02;0.02;0.02;4601;7
249;0.01;0.04;0.05;0.02;4581;7
250;0.02;0.03;0.04;0.02;2794;7
251;0.01;0.03;0.03;0.02;4703;7
252;0.01;0.02;0.02;0.02;4632;7
253;0.01;0.03;0.04;0.02;4607;7
254;0.01;0.03;0.03;0.04;2748;7
255;0.01;0.05;0.06;0.10;4616;7
256;0.01;0.03;0.03;0.02;4742;7
257;0.01;0.02;0.04;0.02;4569;7
258;0.01;0.04;0.02;0.01;4718;7
259;0.01;0.04;0.03;0.01;4688;7
260;0.01;0.02;0.04;0.02;4691;7
261;0.01;0.03;0.03;0.02;4667;7
262;0.01;0.02;0.03;0.02;4756;7
263;32.85;33.20;36.01;36.90;39;7
264;16.00;19.28;19.30;17.99;40;7
1;0.10;0.71;0.79;0.87;987;8
2;0.02;0.18;0.22;0.15;2278;8
5;8.99;11.77;12.79;12.16;170;8
6;0.02;0.29;0.27;0.42;1031;8
4;1.00;2.21;2.44;2.52;329;8
7;0.15;0.70;0.73;0.43;406;8
8;0.01;0.10;0.17;0.10;6865;8
9;0.01;0.10;0.08;0.13;4151;8
10;0.10;0.36;0.47;0.38;1180;8
11;24.00;29.00;29.18;27.59;119;8
12;5.99;7.01;7.50;7.23;222;8
13;0.05;0.78;0.62;0.30;432;8
14;0.19;0.46;0.45;1.25;765;8
15;3.50;4.50;4.69;4.00;263;8
16;0.35;0.92;1.05;1.24;1916;8
17;1.00;2.15;2.04;1.95;361;8
3;0.10;0.38;0.41;0.35;1351;8
18;4.99;6.86;7.24;7.54;231;8
19;0.10;0.49;0.58;0.62;924;8
20;6.29;9.91;10.04;9.50;292;8
21;0.65;1.20;1.49;1.31;230;8
22;0.99;1.95;1.90;1.70;343;8
23;0.15;0.72;0.84;1.53;588;8
24;16.94;21.30;21.14;24.48;148;8
25;13.99;18.46;18.19;16.80;143;8
26;1.40;2.46;2.25;2.24;463;8
27;1.98;2.92;3.03;2.20;230;8
28;0.02;0.13;0.13;0.24;3609;8
29;1.00;2.02;2.06;1.52;390;8
30;1.75;2.45;2.54;3.50;374;8
31;9.00;14.27;12.44;12.50;235;8
32;8.00;12.06;11.77;9.00;222;8
33;2.99;4.54;4.70;5.00;225;8
34;1.95;3.32;3.52;2.97;376;8
35;2.00;4.73;4.32;5.49;311;8
36;3.49;4.39;4.65;3.85;367;8
37;0.01;0.16;0.08;0.10;3631;8
38;0.50;1.89;2.03;2.81;307;8
39;0.15;0.79;0.73;0.99;499;8
40;0.10;0.63;0.61;0.69;606;8
41;0.10;0.35;0.38;0.53;1496;8
42;4.50;5.72;5.43;5.09;346;8
43;0.08;0.42;0.37;0.40;1302;8
44;0.01;0.08;0.07;0.01;3877;8
45;8.00;11.52;11.42;12.19;344;8
46;0.10;0.29;0.31;0.21;1056;8
47;0.10;0.44;0.47;0.50;1139;8
48;0.02;0.40;0.42;0.97;1590;8
49;0.08;0.34;0.35;0.52;1215;8
50;0.15;0.90;1.05;1.00;343;8
51;15.00;22.38;22.22;20.99;170;8
52;0.02;0.20;0.23;0.32;3053;8
53;4.45;8.69;9.06;8.49;179;8
54;0.01;0.08;0.10;0.10;4917;8
55;0.02;0.17;0.17;0.25;2884;8
56;0.99;1.62;1.52;1.10;520;8
57;0.02;0.13;0.18;0.10;2147;8
58;0.02;0.19;0.12;0.02;1775;8
59;5.00;6.77;6.60;6.55;250;8
60;0.09;0.27;0.25;0.49;1796;8
61;0.01;0.18;0.16;0.02;3263;8
62;20.99;26.91;26.18;27.49;157;8
63;1.20;2.53;2.85;2.89;212;8
64;0.02;0.43;0.55;0.20;1317;8
65;0.02;0.29;0.38;0.20;1513;8
66;13.46;17.73;16.36;18.00;211;8
67;0.49;1.00;0.83;0.75;861;8
68;0.04;0.26;0.32;0.35;1866;8
69;39.00;43.86;47.98;44.00;138;8
70;15.95;21.16;21.51;22.99;164;8
71;0.09;0.25;0.21;0.17;2013;8
72;0.02;0.16;0.17;0.25;1767;8
73;0.10;0.35;0.36;0.45;1272;8
74;0.01;0.10;0.06;0.02;3477;8
75;1.40;2.51;2.42;2.49;884;8
76;0.05;0.24;0.22;0.25;1906;8
77;0.09;0.28;0.33;0.25;1705;8
78;0.05;0.31;0.46;0.30;1830;8
79;0.01;0.11;0.14;0.20;2751;8
80;0.01;0.12;0.11;0.05;2486;8
81;0.02;0.14;0.20;0.25;1801;8
82;0.01;0.07;0.04;0.04;4189;8
83;0.01;0.11;0.10;0.10;3455;8
84;0.02;0.14;0.12;0.20;2546;8
85;4.44;6.42;6.41;6.48;321;8
86;0.19;0.49;0.45;0.99;1011;8
87;0.05;0.21;0.22;0.25;1909;8
88;0.01;0.13;0.16;0.11;2286;8
89;0.02;0.19;0.19;0.32;1960;8
90;1.60;2.61;2.97;3.31;368;8
91;0.02;0.17;0.07;0.15;3268;8
92;16.00;20.30;18.74;19.00;217;8
93;0.02;0.06;0.05;0.02;2558;8
94;0.01;0.05;0.07;0.03;4782;8
95;5.00;7.64;7.22;6.00;611;8
96;0.01;0.15;0.12;0.15;2708;8
97;0.01;0.07;0.05;0.05;4387;8
98;0.02;0.13;0.14;0.27;2280;8
99;0.08;0.43;0.52;0.50;863;8
100;1.00;1.92;2.01;2.23;990;8
101;0.01;0.13;0.17;0.15;2316;8
102;0.02;0.12;0.14;0.14;2559;8
103;0.02;0.09;0.07;0.15;2392;8
104;0.01;0.08;0.06;0.02;4551;8
105;1.40;2.48;2.23;2.50;464;8
106;0.02;0.13;0.15;0.49;2426;8
107;0.01;0.15;0.10;0.11;3011;8
108;0.01;0.12;0.08;0.04;2617;8
109;0.05;0.15;0.12;0.15;2574;8
110;0.01;0.21;0.15;0.15;1616;8
111;0.01;0.05;0.06;0.01;4715;8
112;0.02;0.15;0.14;0.08;2533;8
113;0.01;0.06;0.02;0.01;4294;8
114;0.02;0.12;0.09;0.04;2278;8
115;0.01;0.12;0.09;0.10;2101;8
116;0.02;0.13;0.12;0.05;2704;8
117;1.35;1.86;1.51;1.49;779;8
118;0.01;0.10;0.18;0.10;2345;8
119;0.01;0.11;0.14;0.05;2954;8
120;0.01;0.10;0.12;0.15;4667;8
121;0.01;0.12;0.08;0.05;3216;8
122;0.02;0.13;0.14;0.05;2661;8
123;0.01;0.05;0.05;0.04;4372;8
124;0.01;0.12;0.11;0.08;3020;8
125;0.01;0.04;0.03;0.05;4664;8
126;0.01;0.03;0.02;0.02;4542;8
127;0.01;0.06;0.08;0.09;4720;8
128;0.02;0.08;0.07;0.05;2755;8
129;0.02;0.26;0.21;0.19;1027;8
130;0.05;0.24;0.24;0.19;939;8
131;0.01;0.06;0.07;0.31;4681;8
132;0.10;0.29;0.32;0.40;1611;8
133;0.01;0.04;0.05;0.02;4688;8
134;0.01;0.09;0.13;0.03;2754;8
135;0.02;0.11;0.20;0.10;1846;8
136;0.01;0.05;0.07;0.01;4361;8
137;0.01;0.04;0.05;0.02;4575;8
138;0.01;0.07;0.06;0.08;4801;8
139;0.02;0.12;0.10;0.07;2567;8
140;0.01;0.03;0.05;0.02;4675;8
141;0.01;0.06;0.10;0.05;2636;8
142;0.02;0.06;0.10;0.05;2696;8
143;0.02;0.09;0.14;0.12;3070;8
144;0.02;0.07;0.09;0.10;2627;8
145;0.01;0.06;0.05;0.01;4540;8
146;0.02;0.08;0.08;0.25;2546;8
147;0.02;0.10;0.12;0.07;2646;8
148;0.01;0.03;0.02;0.02;2807;8
149;0.01;0.04;0.02;0.01;5197;8
150;0.01;0.06;0.06;0.02;2787;8
151;0.01;0.05;0.04;0.20;2750;8
152;0.01;0.07;0.07;0.20;2736;8
153;0.01;0.05;0.08;0.05;4663;8
154;0.01;0.06;0.03;0.02;5478;8
155;0.01;0.07;0.13;0.15;4735;8
156;0.01;0.04;0.03;0.02;4694;8
157;0.02;0.10;0.08;0.05;2608;8
158;0.01;0.05;0.03;0.01;4608;8
159;0.02;0.05;0.05;0.02;2717;8
160;0.01;0.04;0.04;0.01;4674;8
161;0.01;0.04;0.05;0.10;4738;8
162;0.01;0.05;0.08;0.05;2892;8
163;0.02;0.06;0.07;0.15;2835;8
164;0.01;0.05;0.06;0.03;4466;8
165;0.01;0.06;0.07;0.05;4735;8
166;0.01;0.05;0.04;0.02;4590;8
167;0.01;0.10;0.11;0.05;2602;8
168;0.02;0.12;0.13;0.07;2817;8
169;0.01;0.06;0.09;0.02;4745;8
170;0.01;0.06;0.04;0.01;4770;8
171;0.01;0.03;0.04;0.02;4533;8
172;0.01;0.04;0.03;0.01;4651;8
173;0.01;0.03;0.09;0.02;4687;8
174;0.01;0.04;0.06;0.02;4640;8
175;0.01;0.08;0.05;0.04;4445;8
176;0.01;0.09;0.09;0.25;2486;8
177;0.01;0.07;0.08;0.07;5086;8
178;0.01;0.04;0.06;0.02;4781;8
179;0.01;0.05;0.04;0.02;4626;8
180;0.01;0.06;0.10;0.06;2758;8
181;0.01;0.04;0.03;0.02;4680;8
182;0.01;0.04;0.04;0.02;4701;8
183;0.02;0.04;0.03;0.02;2823;8
184;0.01;0.02;0.05;0.02;4652;8
185;0.01;0.03;0.02;0.10;2818;8
186;0.01;0.03;0.04;0.02;5008;8
187;0.01;0.07;0.09;0.15;2699;8
188;0.01;0.03;0.04;0.05;4716;8
189;0.01;0.05;0.04;0.02;2827;8
190;0.01;0.02;0.02;0.02;4652;8
191;0.01;0.03;0.02;0.01;4842;8
192;0.02;0.05;0.04;0.03;2840;8
193;0.01;0.05;0.06;0.02;4642;8
194;0.02;0.08;0.14;0.05;2775;8
195;0.01;0.03;0.07;0.07;4639;8
196;0.01;0.03;0.04;0.05;4659;8
197;0.01;0.05;0.07;0.10;2825;8
198;0.01;0.05;0.06;0.15;4738;8
199;0.01;0.03;0.02;0.02;4666;8
200;0.02;0.04;0.03;0.08;2748;8
201;0.02;0.08;0.12;0.02;2704;8
202;0.01;0.04;0.03;0.02;2810;8
203;0.01;0.05;0.06;0.02;4655;8
204;0.01;0.02;0.04;0.02;4662;8
205;0.01;0.03;0.04;0.02;4771;8
206;0.02;0.09;0.06;0.05;2892;8
207;0.02;0.09;0.05;0.05;2881;8
208;0.02;0.08;0.05;0.05;2878;8
209;0.02;0.06;0.07;0.05;2755;8
210;0.01;0.04;0.04;0.02;4651;8
211;0.01;0.12;0.09;0.10;4603;8
212;0.01;0.05;0.07;0.12;4693;8
213;0.02;0.05;0.06;0.02;2849;8
214;0.01;0.03;0.04;0.02;4634;8
215;0.02;0.07;0.08;0.24;2885;8
216;0.01;0.08;0.06;0.05;2842;8
217;0.01;0.05;0.07;0.02;4827;8
218;0.01;0.03;0.03;0.02;4632;8
219;0.01;0.04;0.02;0.02;4672;8
220;0.01;0.04;0.04;0.02;4488;8
221;0.01;0.02;0.03;0.02;4650;8
222;0.01;0.06;0.03;0.03;2738;8
223;0.01;0.04;0.04;0.05;2805;8
224;0.01;0.05;0.05;0.02;4853;8
225;0.01;0.04;0.06;0.02;4580;8
226;0.01;0.02;0.02;0.02;4606;8
227;0.01;0.04;0.04;0.03;4707;8
228;0.01;0.05;0.05;0.02;2861;8
229;0.01;0.04;0.05;0.02;4631;8
230;0.01;0.04;0.04;0.05;4583;8
231;0.01;0.03;0.03;0.04;2737;8
232;0.01;0.04;0.03;0.02;4677;8
233;0.01;0.03;0.03;0.01;4781;8
234;0.01;0.04;0.03;0.02;4677;8
235;0.01;0.05;0.06;0.05;4728;8
236;0.01;0.03;0.02;0.02;4724;8
237;0.01;0.04;0.08;0.15;4844;8
238;0.01;0.03;0.06;0.15;4740;8
239;0.01;0.02;0.02;0.01;4790;8
240;0.01;0.03;0.03;0.01;4761;8
241;0.01;0.04;0.02;0.02;4701;8
242;0.01;0.03;0.05;0.02;4669;8
243;0.01;0.07;0.02;0.01;4747;8
244;0.01;0.04;0.02;0.02;4604;8
245;0.01;0.03;0.03;0.02;4659;8
246;0.01;0.03;0.03;0.02;4732;8
247;0.01;0.03;0.04;0.15;4746;8
248;0.01;0.02;0.02;0.02;4597;8
249;0.01;0.04;0.05;0.02;4581;8
250;0.02;0.03;0.04;0.02;2835;8
251;0.01;0.03;0.03;0.02;4703;8
252;0.01;0.02;0.02;0.02;4632;8
253;0.01;0.03;0.04;0.02;4603;8
254;0.01;0.03;0.03;0.04;2748;8
255;0.01;0.05;0.06;0.05;4611;8
256;0.01;0.03;0.03;0.02;4740;8
257;0.01;0.02;0.04;0.02;4570;8
258;0.01;0.04;0.02;0.01;4645;8
259;0.01;0.04;0.03;0.01;4668;8
260;0.01;0.02;0.04;0.02;4691;8
261;0.01;0.03;0.03;0.02;4658;8
262;0.01;0.02;0.03;0.02;4748;8
263;32.85;33.20;36.01;36.90;39;8
264;16.00;19.28;19.30;17.99;39;8
1;0.15;0.71;0.76;0.63;993;9
2;0.02;0.19;0.26;0.34;2257;9
5;8.99;11.88;13.14;15.59;170;9
6;0.02;0.29;0.29;0.30;1035;9
4;1.00;2.21;2.44;2.52;326;9
7;0.02;0.69;0.72;0.94;401;9
8;0.01;0.11;0.16;0.15;6907;9
9;0.01;0.10;0.08;0.15;4242;9
10;0.10;0.36;0.48;0.50;1172;9
11;24.00;28.90;28.77;27.45;122;9
12;5.99;7.09;7.50;7.33;209;9
13;0.05;0.76;0.62;0.70;422;9
14;0.19;0.46;0.47;0.55;762;9
15;3.50;4.53;4.64;6.17;264;9
16;0.35;0.93;1.16;1.08;1902;9
17;1.00;2.15;2.10;2.50;354;9
3;0.10;0.38;0.39;0.38;1343;9
18;4.99;6.92;7.16;6.70;216;9
19;0.10;0.49;0.55;0.38;916;9
20;6.24;9.90;9.93;9.50;282;9
21;0.65;1.19;1.47;1.11;231;9
22;0.99;1.92;1.85;1.64;345;9
23;0.15;0.72;0.84;1.53;587;9
24;16.94;21.51;21.99;25.89;143;9
25;13.99;18.51;18.22;20.00;135;9
26;1.40;2.43;2.22;1.98;457;9
27;0.70;2.93;3.03;2.99;226;9
28;0.02;0.13;0.13;0.24;3630;9
29;1.00;2.02;2.00;1.40;388;9
30;1.60;2.51;2.83;4.00;369;9
31;9.00;14.24;12.32;13.00;233;9
32;6.00;12.15;12.12;13.50;223;9
33;2.99;4.55;4.69;4.48;220;9
34;1.95;3.34;3.58;4.50;375;9
35;2.00;4.73;4.32;5.49;312;9
36;3.49;4.38;4.25;4.00;366;9
37;0.01;0.16;0.09;0.15;3634;9
38;0.50;1.88;2.02;1.00;294;9
39;0.15;0.78;0.70;0.77;495;9
40;0.10;0.63;0.60;0.70;597;9
41;0.10;0.35;0.38;0.53;1497;9
42;4.50;5.69;5.38;5.16;345;9
43;0.08;0.43;0.42;0.55;1292;9
44;0.01;0.08;0.06;0.04;3909;9
45;8.00;11.51;11.24;9.50;344;9
46;0.10;0.29;0.32;0.45;1062;9
47;0.10;0.44;0.48;0.48;1157;9
48;0.02;0.39;0.39;0.17;1567;9
49;0.08;0.33;0.36;0.18;1205;9
50;0.15;0.90;0.97;0.79;345;9
51;15.00;22.46;22.26;23.66;168;9
52;0.02;0.19;0.22;0.15;3046;9
53;4.45;8.72;9.00;8.74;178;9
54;0.01;0.08;0.10;0.05;4881;9
55;0.02;0.17;0.19;0.20;2872;9
56;0.99;1.65;1.58;1.25;512;9
57;0.02;0.14;0.18;0.14;2149;9
58;0.02;0.19;0.14;0.32;1767;9
59;5.00;6.77;6.60;6.55;249;9
60;0.09;0.27;0.24;0.19;1788;9
61;0.01;0.18;0.17;0.36;3266;9
62;20.99;26.91;26.18;27.49;152;9
63;1.20;2.52;2.86;2.47;206;9
64;0.02;0.43;0.55;0.20;1317;9
65;0.02;0.29;0.39;0.29;1512;9
66;12.46;17.73;16.36;18.00;210;9
67;0.49;1.01;0.86;0.99;865;9
68;0.04;0.27;0.26;0.09;1862;9
69;38.00;43.86;47.98;44.00;144;9
70;15.95;21.06;22.13;20.50;163;9
71;0.09;0.25;0.19;0.18;2007;9
72;0.02;0.16;0.17;0.25;1756;9
73;0.10;0.35;0.36;0.20;1262;9
74;0.01;0.10;0.06;0.02;3502;9
75;1.40;2.49;2.36;1.88;872;9
76;0.05;0.24;0.22;0.25;1906;9
77;0.09;0.29;0.34;0.30;1693;9
78;0.05;0.31;0.44;0.20;1817;9
79;0.01;0.11;0.13;0.07;2780;9
80;0.01;0.12;0.08;0.07;2525;9
81;0.02;0.14;0.20;0.25;1811;9
82;0.01;0.08;0.04;0.03;4224;9
83;0.01;0.11;0.10;0.10;3486;9
84;0.02;0.14;0.12;0.15;2544;9
85;4.44;6.42;6.41;6.48;318;9
86;0.19;0.47;0.46;0.47;1009;9
87;0.05;0.21;0.25;0.39;1915;9
88;0.01;0.13;0.16;0.05;2288;9
89;0.02;0.18;0.20;0.14;1939;9
90;1.60;2.61;2.97;3.31;362;9
91;0.02;0.17;0.07;0.10;3289;9
92;15.00;20.09;18.22;17.00;223;9
93;0.02;0.06;0.05;0.02;2600;9
94;0.01;0.05;0.07;0.03;4873;9
95;5.00;7.87;7.87;16.00;614;9
96;0.01;0.15;0.12;0.10;2737;9
97;0.01;0.07;0.05;0.05;4421;9
98;0.02;0.13;0.14;0.27;2291;9
99;0.08;0.44;0.55;0.70;859;9
100;1.00;1.90;2.01;1.98;976;9
101;0.01;0.13;0.14;0.07;2333;9
102;0.02;0.12;0.14;0.14;2608;9
103;0.02;0.09;0.07;0.15;2421;9
104;0.01;0.08;0.06;0.05;4628;9
105;1.40;2.48;2.23;2.50;454;9
106;0.02;0.12;0.09;0.02;2428;9
107;0.01;0.15;0.10;0.05;3012;9
108;0.01;0.12;0.08;0.04;2655;9
109;0.05;0.16;0.13;0.15;2565;9
110;0.01;0.21;0.15;0.15;1646;9
111;0.01;0.05;0.06;0.05;4820;9
112;0.02;0.15;0.14;0.08;2557;9
113;0.01;0.06;0.02;0.01;4301;9
114;0.02;0.12;0.09;0.04;2318;9
115;0.01;0.12;0.09;0.10;2118;9
116;0.02;0.13;0.12;0.05;2698;9
117;1.35;1.86;1.51;1.49;782;9
118;0.01;0.10;0.18;0.10;2370;9
119;0.01;0.11;0.14;0.05;2982;9
120;0.01;0.10;0.12;0.15;4763;9
121;0.01;0.12;0.07;0.04;3232;9
122;0.02;0.13;0.14;0.15;2664;9
123;0.01;0.05;0.05;0.04;4403;9
124;0.01;0.12;0.12;0.10;3063;9
125;0.01;0.04;0.03;0.05;4693;9
126;0.01;0.03;0.02;0.02;4564;9
127;0.01;0.06;0.08;0.09;4742;9
128;0.02;0.08;0.07;0.05;2781;9
129;0.02;0.26;0.21;0.19;1024;9
130;0.05;0.24;0.24;0.19;939;9
131;0.01;0.06;0.07;0.31;4771;9
132;0.10;0.29;0.32;0.40;1610;9
133;0.01;0.04;0.05;0.02;4712;9
134;0.01;0.09;0.13;0.03;2786;9
135;0.02;0.11;0.20;0.10;1872;9
136;0.01;0.05;0.07;0.01;4418;9
137;0.01;0.04;0.05;0.02;4572;9
138;0.01;0.07;0.07;0.10;4842;9
139;0.02;0.12;0.10;0.05;2572;9
140;0.01;0.03;0.05;0.02;4723;9
141;0.01;0.06;0.06;0.05;2669;9
142;0.02;0.06;0.10;0.05;2706;9
143;0.02;0.09;0.14;0.12;3120;9
144;0.02;0.07;0.09;0.10;2675;9
145;0.01;0.06;0.05;0.01;4591;9
146;0.02;0.08;0.08;0.25;2576;9
147;0.02;0.11;0.11;0.02;2658;9
148;0.01;0.03;0.02;0.02;2845;9
149;0.01;0.04;0.02;0.01;5224;9
150;0.01;0.06;0.06;0.02;2787;9
151;0.01;0.05;0.04;0.20;2793;9
152;0.01;0.07;0.10;0.30;2772;9
153;0.01;0.05;0.08;0.05;4692;9
154;0.01;0.06;0.03;0.05;5538;9
155;0.01;0.07;0.11;0.02;4829;9
156;0.01;0.04;0.03;0.02;4754;9
157;0.02;0.10;0.07;0.05;2630;9
158;0.01;0.05;0.03;0.10;4597;9
159;0.02;0.05;0.05;0.02;2754;9
160;0.01;0.04;0.04;0.01;4705;9
161;0.01;0.04;0.07;0.03;4752;9
162;0.01;0.05;0.08;0.05;2878;9
163;0.02;0.06;0.07;0.15;2882;9
164;0.01;0.05;0.06;0.03;4520;9
165;0.01;0.06;0.07;0.05;4789;9
166;0.01;0.05;0.04;0.02;4647;9
167;0.01;0.10;0.10;0.05;2625;9
168;0.02;0.12;0.13;0.05;2859;9
169;0.01;0.07;0.07;0.10;4805;9
170;0.01;0.06;0.04;0.02;4799;9
171;0.01;0.03;0.04;0.02;4546;9
172;0.01;0.04;0.03;0.01;4679;9
173;0.01;0.03;0.09;0.02;4721;9
174;0.01;0.04;0.06;0.02;4700;9
175;0.01;0.08;0.05;0.04;4500;9
176;0.01;0.09;0.09;0.25;2550;9
177;0.01;0.07;0.09;0.02;5162;9
178;0.01;0.04;0.06;0.02;4815;9
179;0.01;0.05;0.04;0.02;4645;9
180;0.01;0.06;0.10;0.06;2799;9
181;0.01;0.04;0.03;0.02;4709;9
182;0.01;0.04;0.04;0.02;4726;9
183;0.02;0.04;0.03;0.02;2823;9
184;0.01;0.02;0.05;0.02;4708;9
185;0.01;0.03;0.02;0.10;2818;9
186;0.01;0.03;0.04;0.02;5040;9
187;0.01;0.07;0.09;0.15;2724;9
188;0.01;0.03;0.03;0.02;4807;9
189;0.01;0.05;0.04;0.02;2863;9
190;0.01;0.02;0.02;0.02;4676;9
191;0.01;0.03;0.02;0.01;4866;9
192;0.02;0.05;0.04;0.03;2878;9
193;0.01;0.05;0.06;0.02;4669;9
194;0.02;0.08;0.14;0.05;2775;9
195;0.01;0.03;0.07;0.07;4666;9
196;0.01;0.03;0.04;0.05;4695;9
197;0.01;0.05;0.07;0.10;2862;9
198;0.01;0.05;0.06;0.15;4774;9
199;0.01;0.03;0.02;0.02;4698;9
200;0.02;0.04;0.03;0.08;2748;9
201;0.02;0.08;0.12;0.02;2750;9
202;0.01;0.04;0.03;0.02;2810;9
203;0.01;0.05;0.06;0.02;4687;9
204;0.01;0.02;0.04;0.02;4713;9
205;0.01;0.03;0.04;0.02;4897;9
206;0.02;0.09;0.06;0.05;2923;9
207;0.02;0.09;0.05;0.05;2915;9
208;0.02;0.08;0.05;0.05;2894;9
209;0.02;0.06;0.07;0.05;2783;9
210;0.01;0.04;0.04;0.02;4734;9
211;0.01;0.12;0.09;0.10;4673;9
212;0.01;0.05;0.07;0.02;4804;9
213;0.02;0.05;0.05;0.05;2907;9
214;0.01;0.03;0.04;0.02;4725;9
215;0.02;0.07;0.08;0.24;2934;9
216;0.01;0.08;0.05;0.05;2887;9
217;0.01;0.05;0.07;0.04;4857;9
218;0.01;0.03;0.03;0.02;4654;9
219;0.01;0.04;0.02;0.02;4691;9
220;0.01;0.04;0.04;0.02;4512;9
221;0.01;0.02;0.03;0.02;4677;9
222;0.01;0.06;0.03;0.03;2771;9
223;0.01;0.04;0.04;0.05;2843;9
224;0.01;0.05;0.05;0.02;4872;9
225;0.01;0.04;0.06;0.02;4616;9
226;0.01;0.02;0.02;0.02;4636;9
227;0.01;0.04;0.04;0.03;4741;9
228;0.01;0.05;0.05;0.02;2910;9
229;0.01;0.04;0.05;0.02;4686;9
230;0.01;0.04;0.04;0.05;4635;9
231;0.01;0.03;0.03;0.04;2784;9
232;0.01;0.04;0.03;0.02;4732;9
233;0.01;0.03;0.03;0.02;4858;9
234;0.01;0.04;0.03;0.02;4803;9
235;0.01;0.05;0.05;0.02;5138;9
236;0.01;0.03;0.02;0.02;4811;9
237;0.01;0.04;0.07;0.02;4960;9
238;0.01;0.03;0.08;0.10;4842;9
239;0.01;0.02;0.02;0.02;4894;9
240;0.01;0.03;0.03;0.02;4796;9
241;0.01;0.04;0.02;0.02;4720;9
242;0.01;0.03;0.05;0.02;4686;9
243;0.01;0.07;0.02;0.01;4779;9
244;0.01;0.04;0.02;0.02;4647;9
245;0.01;0.03;0.03;0.02;4689;9
246;0.01;0.03;0.03;0.02;4755;9
247;0.01;0.03;0.04;0.15;4773;9
248;0.01;0.02;0.02;0.02;4597;9
249;0.01;0.04;0.05;0.02;4618;9
250;0.02;0.03;0.04;0.02;2835;9
251;0.01;0.03;0.03;0.02;4738;9
252;0.01;0.02;0.02;0.02;4670;9
253;0.01;0.03;0.04;0.02;4637;9
254;0.01;0.03;0.03;0.04;2784;9
255;0.01;0.05;0.06;0.05;4669;9
256;0.01;0.03;0.03;0.02;4799;9
257;0.01;0.02;0.04;0.02;4623;9
258;0.01;0.04;0.02;0.01;4693;9
259;0.01;0.04;0.03;0.01;4720;9
260;0.01;0.02;0.04;0.02;4748;9
261;0.01;0.03;0.03;0.02;4713;9
262;0.01;0.02;0.03;0.02;4802;9
263;32.85;33.20;36.01;36.90;39;9
264;16.00;19.28;19.30;17.99;39;9
1;0.08;0.72;0.76;0.80;993;10
2;0.02;0.19;0.26;0.30;2255;10
5;8.99;11.91;13.15;13.38;179;10
6;0.02;0.29;0.30;0.50;1033;10
4;1.00;2.21;2.43;2.23;318;10
7;0.02;0.69;0.72;0.29;407;10
8;0.01;0.12;0.12;0.14;6930;10
9;0.01;0.09;0.08;0.05;4268;10
10;0.10;0.35;0.46;0.15;1172;10
11;24.00;28.86;28.52;26.96;128;10
12;5.99;7.07;7.59;8.16;209;10
13;0.05;0.78;0.69;1.47;424;10
14;0.19;0.46;0.47;0.55;759;10
15;3.50;4.61;4.60;4.80;274;10
16;0.35;0.93;1.16;1.08;1911;10
17;1.00;2.15;2.03;1.50;353;10
3;0.10;0.38;0.36;0.18;1340;10
18;4.99;6.92;7.16;6.70;216;10
19;0.10;0.49;0.56;0.39;926;10
20;6.24;9.87;9.62;5.00;295;10
21;0.65;1.19;1.47;1.11;231;10
22;1.20;1.90;1.71;1.50;345;10
23;0.15;0.71;0.86;0.66;580;10
24;16.94;21.51;21.99;25.89;143;10
25;13.99;18.51;18.22;20.00;144;10
26;1.40;2.41;2.16;2.14;456;10
27;1.98;2.93;3.00;3.29;229;10
28;0.02;0.13;0.13;0.24;3630;10
29;1.00;2.03;2.03;3.09;387;10
30;1.60;2.52;2.83;2.00;370;10
31;9.00;14.18;12.27;14.00;231;10
32;6.00;12.18;12.11;11.97;218;10
33;2.99;4.55;4.69;4.48;224;10
34;1.95;3.33;3.41;2.74;373;10
35;2.00;4.72;4.35;4.74;312;10
36;3.49;4.41;4.35;4.78;359;10
37;0.01;0.16;0.09;0.15;3633;10
38;0.50;1.87;1.84;0.93;298;10
39;0.15;0.78;0.64;0.60;498;10
40;0.10;0.63;0.59;0.25;605;10
41;0.10;0.35;0.38;0.53;1491;10
42;4.50;5.69;5.38;5.16;344;10
43;0.08;0.42;0.43;0.20;1281;10
44;0.01;0.08;0.06;0.02;3892;10
45;8.00;11.53;11.04;11.99;343;10
46;0.10;0.30;0.33;0.65;1049;10
47;0.10;0.44;0.44;0.20;1154;10
48;0.02;0.40;0.39;0.45;1580;10
49;0.08;0.33;0.36;0.18;1208;10
50;0.15;0.93;1.13;1.85;346;10
51;15.00;22.46;22.26;23.66;175;10
52;0.02;0.20;0.24;0.37;3042;10
53;4.45;8.69;8.85;5.45;169;10
54;0.01;0.08;0.11;0.05;4863;10
55;0.02;0.17;0.19;0.20;2874;10
56;0.99;1.65;1.57;1.48;513;10
57;0.02;0.14;0.18;0.20;2172;10
58;0.02;0.19;0.14;0.32;1790;10
59;5.00;6.78;6.61;6.47;251;10
60;0.09;0.27;0.24;0.35;1792;10
61;0.01;0.18;0.18;0.10;3273;10
62;20.99;26.91;26.18;27.49;153;10
63;1.20;2.49;2.81;2.10;209;10
64;0.02;0.43;0.55;0.20;1327;10
65;0.02;0.29;0.36;0.15;1507;10
66;12.46;17.87;16.54;18.33;215;10
67;0.49;0.99;0.88;0.86;864;10
68;0.04;0.23;0.21;0.20;1850;10
69;35.00;43.86;47.98;44.00;148;10
70;15.95;21.18;22.63;25.00;159;10
71;0.09;0.25;0.19;0.18;2003;10
72;0.02;0.16;0.17;0.25;1756;10
73;0.10;0.35;0.36;0.20;1253;10
74;0.01;0.10;0.06;0.02;3500;10
75;1.40;2.52;2.46;2.95;873;10
76;0.05;0.24;0.22;0.25;1898;10
77;0.09;0.29;0.34;0.30;1695;10
78;0.05;0.31;0.44;0.20;1826;10
79;0.01;0.12;0.16;0.20;2761;10
80;0.01;0.12;0.08;0.07;2498;10
81;0.02;0.14;0.19;0.03;1821;10
82;0.01;0.08;0.04;0.03;4232;10
83;0.01;0.11;0.10;0.10;3493;10
84;0.02;0.14;0.12;0.15;2574;10
85;4.44;6.42;6.41;6.48;316;10
86;0.19;0.46;0.46;0.25;1011;10
87;0.05;0.21;0.23;0.25;1923;10
88;0.01;0.13;0.16;0.05;2300;10
89;0.02;0.18;0.19;0.14;1929;10
90;1.60;2.63;2.91;2.74;363;10
91;0.02;0.17;0.07;0.10;3278;10
92;15.00;20.09;18.22;17.00;220;10
93;0.02;0.06;0.05;0.02;2614;10
94;0.01;0.05;0.06;0.05;4905;10
95;5.00;7.80;7.99;5.50;617;10
96;0.01;0.15;0.12;0.10;2720;10
97;0.01;0.07;0.05;0.05;4415;10
98;0.02;0.13;0.14;0.27;2297;10
99;0.08;0.44;0.51;0.25;859;10
100;1.00;1.90;2.01;1.98;985;10
101;0.01;0.13;0.14;0.07;2327;10
102;0.02;0.12;0.14;0.14;2604;10
103;0.02;0.09;0.07;0.15;2424;10
104;0.01;0.08;0.06;0.05;4624;10
105;1.40;2.48;2.23;2.50;451;10
106;0.02;0.13;0.11;0.32;2443;10
107;0.01;0.15;0.10;0.05;3013;10
108;0.01;0.12;0.08;0.04;2655;10
109;0.05;0.16;0.13;0.15;2574;10
110;0.01;0.18;0.09;0.04;1631;10
111;0.01;0.05;0.06;0.03;4813;10
112;0.02;0.15;0.14;0.08;2557;10
113;0.01;0.06;0.02;0.01;4292;10
114;0.02;0.12;0.09;0.04;2328;10
115;0.01;0.12;0.09;0.10;2120;10
116;0.02;0.13;0.12;0.05;2698;10
117;1.35;1.86;1.51;1.49;775;10
118;0.01;0.10;0.18;0.10;2357;10
119;0.01;0.11;0.15;0.10;3003;10
120;0.01;0.10;0.12;0.15;4771;10
121;0.01;0.12;0.07;0.04;3227;10
122;0.02;0.13;0.14;0.15;2658;10
123;0.01;0.05;0.05;0.04;4420;10
124;0.01;0.12;0.12;0.10;3061;10
125;0.01;0.03;0.03;0.05;4703;10
126;0.01;0.03;0.02;0.02;4575;10
127;0.01;0.06;0.08;0.09;4756;10
128;0.02;0.08;0.07;0.05;2780;10
129;0.02;0.26;0.21;0.19;1024;10
130;0.05;0.24;0.24;0.19;936;10
131;0.01;0.06;0.07;0.31;4778;10
132;0.10;0.31;0.34;0.99;1616;10
133;0.01;0.04;0.05;0.02;4739;10
134;0.01;0.09;0.13;0.03;2759;10
135;0.02;0.11;0.20;0.10;1871;10
136;0.01;0.05;0.07;0.01;4436;10
137;0.01;0.04;0.05;0.02;4658;10
138;0.01;0.07;0.07;0.10;4819;10
139;0.02;0.12;0.10;0.05;2573;10
140;0.01;0.03;0.05;0.05;4735;10
141;0.01;0.06;0.06;0.05;2673;10
142;0.02;0.06;0.10;0.05;2732;10
143;0.02;0.09;0.14;0.12;3109;10
144;0.02;0.07;0.09;0.10;2669;10
145;0.01;0.06;0.05;0.01;4608;10
146;0.02;0.08;0.08;0.25;2560;10
147;0.02;0.11;0.11;0.02;2655;10
148;0.01;0.03;0.02;0.02;2844;10
149;0.01;0.04;0.02;0.01;5233;10
150;0.01;0.06;0.06;0.02;2823;10
151;0.01;0.05;0.04;0.02;2788;10
152;0.01;0.07;0.08;0.05;2769;10
153;0.01;0.05;0.08;0.05;4719;10
154;0.01;0.06;0.03;0.05;5598;10
155;0.01;0.07;0.11;0.02;4841;10
156;0.01;0.04;0.03;0.02;4774;10
157;0.02;0.10;0.07;0.05;2622;10
158;0.01;0.05;0.03;0.10;4628;10
159;0.02;0.05;0.05;0.02;2748;10
160;0.01;0.04;0.04;0.01;4694;10
161;0.01;0.04;0.07;0.03;4776;10
162;0.01;0.05;0.08;0.02;2876;10
163;0.02;0.06;0.07;0.15;2884;10
164;0.01;0.05;0.06;0.03;4544;10
165;0.01;0.06;0.07;0.05;4813;10
166;0.01;0.05;0.04;0.02;4677;10
167;0.01;0.10;0.10;0.05;2611;10
168;0.02;0.12;0.13;0.02;2840;10
169;0.01;0.07;0.07;0.10;4792;10
170;0.01;0.06;0.04;0.02;4805;10
171;0.01;0.03;0.04;0.02;4573;10
172;0.01;0.04;0.03;0.01;4701;10
173;0.01;0.03;0.09;0.02;4735;10
174;0.01;0.04;0.06;0.02;4714;10
175;0.01;0.08;0.05;0.04;4519;10
176;0.01;0.09;0.09;0.25;2555;10
177;0.01;0.07;0.09;0.02;5183;10
178;0.01;0.04;0.06;0.02;4815;10
179;0.01;0.05;0.04;0.02;4667;10
180;0.01;0.06;0.10;0.06;2788;10
181;0.01;0.04;0.03;0.02;4703;10
182;0.01;0.04;0.04;0.02;4739;10
183;0.02;0.04;0.03;0.02;2817;10
184;0.01;0.02;0.05;0.02;4721;10
185;0.01;0.03;0.02;0.10;2800;10
186;0.01;0.04;0.08;0.24;5051;10
187;0.01;0.07;0.09;0.15;2722;10
188;0.01;0.03;0.03;0.02;4807;10
189;0.01;0.05;0.04;0.02;2859;10
190;0.01;0.02;0.02;0.02;4702;10
191;0.01;0.03;0.02;0.01;4887;10
192;0.02;0.05;0.04;0.03;2869;10
193;0.01;0.05;0.06;0.02;4685;10
194;0.02;0.08;0.14;0.05;2763;10
195;0.01;0.03;0.07;0.07;4678;10
196;0.01;0.03;0.04;0.05;4701;10
197;0.01;0.05;0.07;0.10;2865;10
198;0.01;0.05;0.06;0.15;4785;10
199;0.01;0.03;0.02;0.02;4699;10
200;0.02;0.04;0.03;0.08;2752;10
201;0.02;0.08;0.12;0.02;2741;10
202;0.01;0.04;0.03;0.02;2814;10
203;0.01;0.05;0.06;0.02;4711;10
204;0.01;0.02;0.04;0.02;4734;10
205;0.01;0.03;0.04;0.02;4919;10
206;0.02;0.09;0.06;0.05;2903;10
207;0.02;0.09;0.05;0.05;2893;10
208;0.02;0.08;0.06;0.05;2881;10
209;0.02;0.06;0.07;0.05;2772;10
210;0.01;0.04;0.04;0.02;4756;10
211;0.01;0.12;0.09;0.10;4693;10
212;0.01;0.05;0.07;0.02;4804;10
213;0.02;0.05;0.05;0.05;2898;10
214;0.01;0.03;0.04;0.02;4737;10
215;0.02;0.07;0.08;0.24;2934;10
216;0.01;0.08;0.05;0.05;2873;10
217;0.01;0.05;0.07;0.04;4864;10
218;0.01;0.03;0.03;0.02;4675;10
219;0.01;0.04;0.02;0.02;4719;10
220;0.01;0.04;0.04;0.02;4536;10
221;0.01;0.02;0.03;0.02;4696;10
222;0.01;0.06;0.03;0.03;2766;10
223;0.01;0.04;0.04;0.05;2838;10
224;0.01;0.05;0.09;0.15;4889;10
225;0.01;0.04;0.06;0.02;4625;10
226;0.01;0.02;0.02;0.02;4643;10
227;0.01;0.04;0.04;0.03;4744;10
228;0.01;0.05;0.05;0.02;2910;10
229;0.01;0.04;0.05;0.02;4697;10
230;0.01;0.04;0.04;0.05;4654;10
231;0.01;0.03;0.03;0.04;2771;10
232;0.01;0.04;0.03;0.02;4750;10
233;0.01;0.03;0.03;0.02;4868;10
234;0.01;0.04;0.03;0.02;4817;10
235;0.01;0.05;0.05;0.02;5156;10
236;0.01;0.03;0.02;0.02;4836;10
237;0.01;0.04;0.07;0.02;4960;10
238;0.01;0.03;0.08;0.10;4840;10
239;0.01;0.02;0.02;0.02;4887;10
240;0.01;0.03;0.03;0.02;4804;10
241;0.01;0.04;0.02;0.02;4746;10
242;0.01;0.03;0.05;0.02;4706;10
243;0.01;0.07;0.02;0.01;4800;10
244;0.01;0.04;0.02;0.02;4652;10
245;0.01;0.03;0.03;0.02;4710;10
246;0.01;0.03;0.03;0.02;4773;10
247;0.01;0.03;0.04;0.15;4785;10
248;0.01;0.02;0.02;0.02;4634;10
249;0.01;0.04;0.05;0.02;4623;10
250;0.02;0.03;0.04;0.02;2828;10
251;0.01;0.03;0.03;0.02;4749;10
252;0.01;0.02;0.02;0.02;4678;10
253;0.01;0.03;0.04;0.02;4650;10
254;0.01;0.03;0.03;0.04;2771;10
255;0.01;0.05;0.06;0.05;4682;10
256;0.01;0.03;0.03;0.02;4808;10
257;0.01;0.02;0.04;0.02;4640;10
258;0.01;0.04;0.02;0.01;4707;10
259;0.01;0.04;0.03;0.01;4735;10
260;0.01;0.02;0.04;0.02;4759;10
261;0.01;0.03;0.03;0.02;4738;10
262;0.01;0.02;0.03;0.02;4826;10
263;32.85;33.20;36.01;36.90;38;10
264;16.00;19.28;19.30;17.99;39;10
1;0.08;0.72;0.76;0.80;993;11
2;0.02;0.19;0.26;0.30;2255;11
5;8.99;11.91;13.15;13.38;179;11
6;0.02;0.29;0.30;0.50;1039;11
4;1.00;2.21;2.43;2.23;320;11
7;0.02;0.69;0.72;0.29;407;11
8;0.01;0.12;0.12;0.14;6931;11
9;0.01;0.09;0.08;0.05;4266;11
10;0.10;0.35;0.46;0.15;1178;11
11;24.00;28.86;28.52;26.96;128;11
12;5.99;7.07;7.59;8.16;209;11
13;0.05;0.78;0.69;1.47;424;11
14;0.19;0.46;0.47;0.55;763;11
15;3.50;4.61;4.60;4.80;273;11
16;0.34;0.93;1.16;1.08;1911;11
17;1.20;2.15;2.03;1.50;352;11
3;0.10;0.38;0.36;0.18;1345;11
18;4.99;6.92;7.16;6.70;218;11
19;0.10;0.49;0.56;0.39;924;11
20;6.24;9.87;9.62;5.00;299;11
21;0.65;1.19;1.47;1.11;233;11
22;0.99;1.90;1.71;1.50;346;11
23;0.15;0.71;0.86;0.66;582;11
24;16.94;21.51;21.99;25.89;143;11
25;13.99;18.51;18.22;20.00;141;11
26;1.40;2.41;2.16;2.14;459;11
27;1.98;2.93;3.00;3.29;230;11
28;0.02;0.13;0.13;0.24;3630;11
29;1.00;2.03;2.03;3.09;391;11
30;1.60;2.52;2.83;2.00;370;11
31;9.00;14.18;12.27;14.00;232;11
32;6.00;12.18;12.11;11.97;217;11
33;2.99;4.55;4.69;4.48;225;11
34;1.95;3.33;3.41;2.74;374;11
35;2.00;4.72;4.35;4.74;312;11
36;3.49;4.41;4.35;4.78;357;11
37;0.01;0.16;0.09;0.15;3633;11
38;0.50;1.87;1.84;0.93;302;11
39;0.15;0.78;0.64;0.60;504;11
40;0.10;0.63;0.59;0.25;604;11
41;0.10;0.35;0.38;0.53;1494;11
42;4.50;5.69;5.38;5.16;343;11
43;0.08;0.42;0.43;0.20;1284;11
44;0.01;0.08;0.06;0.02;3898;11
45;8.00;11.53;11.04;11.99;347;11
46;0.10;0.30;0.33;0.65;1051;11
47;0.10;0.44;0.44;0.20;1153;11
48;0.02;0.40;0.39;0.45;1587;11
49;0.08;0.33;0.36;0.18;1213;11
50;0.15;0.93;1.13;1.85;350;11
51;15.00;22.46;22.26;23.66;174;11
52;0.02;0.20;0.24;0.37;3056;11
53;4.45;8.69;8.85;5.45;169;11
54;0.01;0.08;0.11;0.05;4866;11
55;0.02;0.17;0.19;0.20;2876;11
56;0.99;1.65;1.57;1.48;515;11
57;0.02;0.14;0.18;0.20;2174;11
58;0.02;0.19;0.14;0.32;1792;11
59;5.00;6.78;6.61;6.47;249;11
60;0.09;0.27;0.24;0.35;1794;11
61;0.01;0.18;0.18;0.10;3273;11
62;20.99;26.91;26.18;27.49;154;11
63;1.20;2.49;2.81;2.10;210;11
64;0.09;0.43;0.55;0.20;1330;11
65;0.05;0.29;0.36;0.15;1507;11
66;12.46;17.87;16.54;18.33;211;11
67;0.49;0.99;0.88;0.86;865;11
68;0.04;0.23;0.21;0.20;1835;11
69;35.00;43.86;47.98;44.00;148;11
70;15.95;21.18;22.63;25.00;162;11
71;0.09;0.25;0.19;0.18;2005;11
72;0.02;0.16;0.17;0.25;1756;11
73;0.10;0.35;0.36;0.20;1262;11
74;0.01;0.10;0.06;0.02;3500;11
75;1.40;2.52;2.46;2.95;870;11
76;0.05;0.24;0.22;0.25;1901;11
77;0.09;0.29;0.34;0.30;1695;11
